{
  "schemaVersion": "1.0.0",
  "readme": "",
  "modules": [
    {
      "kind": "javascript-module",
      "path": "src/web-series.js",
      "declarations": [],
      "exports": [
        {
          "kind": "custom-element-definition",
          "name": "web-series",
          "declaration": {
            "name": "WebSeries",
            "module": "/src/WebSeries.js"
          }
        }
      ]
    },
    {
      "kind": "javascript-module",
      "path": "src/WebSeries.js",
      "declarations": [
        {
          "kind": "class",
          "description": "",
          "name": "WebSeries",
          "members": [
            {
              "kind": "field",
              "name": "title",
              "type": {
                "text": "string"
              },
              "default": "'My app'",
              "privacy": "public",
              "attribute": "title"
            }
          ],
          "attributes": [
            {
              "name": "title",
              "fieldName": "title"
            }
          ],
          "superclass": {
            "name": "LitElement",
            "package": "lit"
          },
          "tagName": "web-series",
          "customElement": true
        }
      ],
      "exports": [
        {
          "kind": "js",
          "name": "WebSeries",
          "declaration": {
            "name": "WebSeries",
            "module": "src/WebSeries.js"
          }
        }
      ]
    }
  ]
}
